{
    "73ee5c46-fd63-4cd3-81c4-4b8c99b5765e": {
        "id": "73ee5c46-fd63-4cd3-81c4-4b8c99b5765e",
        "name": "Google Search",
        "keyword": "g",
        "cmd": "https://google.com/search?q=%s",
        "icon": "/usr/share/ulauncher/media/google-search-icon.png",
        "is_default_search": true,
        "run_without_argument": false,
        "added": 1709609000.0726357
    },
    "68dff7b2-6f2a-472b-8609-195ba885bbe5": {
        "id": "68dff7b2-6f2a-472b-8609-195ba885bbe5",
        "name": "Stack Overflow",
        "keyword": "so",
        "cmd": "https://stackoverflow.com/search?q=%s",
        "icon": "/usr/share/ulauncher/media/stackoverflow-icon.svg",
        "is_default_search": true,
        "run_without_argument": false,
        "added": 1709609000.0726519
    },
    "3f1ae04a-ec60-4f32-9e51-d38a5bdedcc5": {
        "id": "3f1ae04a-ec60-4f32-9e51-d38a5bdedcc5",
        "name": "Wikipedia",
        "keyword": "wiki",
        "cmd": "https://en.wikipedia.org/wiki/%s",
        "icon": "/usr/share/ulauncher/media/wikipedia-icon.png",
        "is_default_search": true,
        "run_without_argument": false,
        "added": 1709609000.072662
    }
}