{
    "head": {
        "type": "header",
        "description": "Color Pick Settings"
    },
    "combo-selection": {
        "type": "combobox",
        "default": "1",
        "description": "Color code format",
        "options": {
            "HEX-Color: #xxxxxx": "1",
            "HEX-Color: #XXXXXX": "2",
            "RGB-Color: 250,250,250": "3",
            "RGB-Color: (250,250,250)": "4"
        },
        "tooltip": "Select the format of the color code, which will be copied to the clipboard by the color picker.",
        "value": "1"
    },
    "div1": {
        "type": "separator"
    },
    "head1": {
        "type": "header",
        "description": "Applet Settings"
    },
    "pick-notification": {
        "type": "checkbox",
        "default": "true",
        "description": "Show picked color code in a popup notification",
        "tooltip": "Show the picked color code, which has been copied to the clipboard, in a popup notification.",
        "value": "true"
    },
    "icon-name": {
        "type": "iconfilechooser",
        "default": "",
        "description": "The icon to use in the panel",
        "tooltip": "Select an icon file, or you can type an icon name into the entry box",
        "value": ""
    },
    "keybinding-test": {
        "type": "keybinding",
        "description": "Keybinding, which activates the color picker",
        "default": "<Primary><Alt>p",
        "value": "<Primary><Alt>p"
    },
    "__md5__": "45992efe29f2a20420a72c97f6364e01"
}