{
    "uuid": "Cinnamenu@json",
    "name": "Cinnamenu",
    "description": "A flexible menu with grid or list layout options, file browser and emoji search.",
    "max-instances": 2,
    "version": "5.4.13",
    "multiversion": true,
    "website": "https://github.com/linuxmint/cinnamon-spices-applets",
    "cinnamon-version": [
        "3.2",
        "3.4",
        "3.6",
        "3.8",
        "4.0",
        "4.2",
        "4.4",
        "4.6",
        "4.8"
    ],
    "author": "fredcw",
    "last-edited": 1706667613
}